"ADDRESS","NEIGHBORHOOD","BUILDING.CLASS.CATEGORY","BLOCK","LOT","ZIP.CODE","RESIDENTIAL.UNITS","COMMERCIAL.UNITS","TOTAL.UNITS","LAND.SQUARE.FEET","GROSS.SQUARE.FEET","YEAR.BUILT","TAX.CLASS.AT.TIME.OF.SALE","BUILDING.CLASS.AT.TIME.OF.SALE","SALE.PRICE","SALE.DATE","lat","lon","num_schools","num_food","num_parks","num_subway","neighborhood_ord"
"1 SUTTON PLACE, Manhattan","MIDTOWN EAST","01 ONE FAMILY DWELLINGS",1372,26,10022,1,0,1,"1,434","5,339",1920,1,"A7",1.3e+07,"10/8/19",40.7573804,-73.9603084,0,0,18,0,13
"106 EAST 78TH STREET, Manhattan","UPPER EAST SIDE (59-79)","01 ONE FAMILY DWELLINGS",1412,68,10075,1,1,2,"1,839","4,344",1899,1,"S1",7200000,"6/10/19",40.7745662,-73.9605612037626,0,0,14,1,15
"109 WEST 11TH STREET, Manhattan","GREENWICH VILLAGE-WEST","01 ONE FAMILY DWELLINGS",607,50,10011,1,0,1,"1,665","4,060",1899,1,"A4",11200000,"5/22/19",40.73576935,-73.998668176365,2,0,20,6,12
"11 EAST 129 STREET, Manhattan","HARLEM-CENTRAL","01 ONE FAMILY DWELLINGS",1754,8,10035,1,0,1,"1,081","2,800",1905,1,"A4",1550000,"8/22/19",40.7552312,-73.9618459,0,0,13,0,5
"11 WEST 12TH STREET, Manhattan","GREENWICH VILLAGE-CENTRAL","01 ONE FAMILY DWELLINGS",576,48,10011,1,0,1,"2,581","8,125",1910,1,"A4",19900000,"6/14/19",40.73508895,-73.9950552608679,3,1,5,5,12
"110 WASHINGTON PLACE, Manhattan","GREENWICH VILLAGE-WEST","03 THREE FAMILY DWELLINGS",592,14,10014,3,0,3,"1,575","2,646",1899,1,"C0",6800000,"4/15/19",40.732422,-74.001152,0,0,41,3,12
"1129 LEXINGTON AVENUE, Manhattan","UPPER EAST SIDE (59-79)","02 TWO FAMILY DWELLINGS",1413,120,10075,2,1,3,"1,400","5,248",1910,1,"S2",4800000,"4/17/19",40.7744718,-73.9589512919014,0,0,12,1,15
"115 MANHATTAN AVENUE, Manhattan","MANHATTAN VALLEY","02 TWO FAMILY DWELLINGS",1840,152,10025,2,0,2,"900","3,600",1899,1,"B1",10,"2/11/20",40.79783025,-73.9623271,1,1,27,2,8
"116 EAST 95TH STREET, Manhattan","UPPER EAST SIDE (79-96)","01 ONE FAMILY DWELLINGS",1523,68,10128,1,0,1,"2,013","4,160",1899,1,"A9",8e+06,"3/20/20",40.7854848,-73.9525869305107,0,6,20,2,15
"116 SULLIVAN STREET, Manhattan","SOHO","02 TWO FAMILY DWELLINGS",504,29,10012,2,0,2,"2,350","5,446",1900,1,"B1",13450000,"3/2/20",40.72612865,-74.0028564419192,5,0,43,4,14
"116 WEST 130TH STREET, Manhattan","HARLEM-CENTRAL","03 THREE FAMILY DWELLINGS",1914,41,10027,3,0,3,"1,665","3,476",1910,1,"C0",2300000,"4/19/19",40.8111524,-73.9441186582131,4,2,52,2,5
"116 WEST 80TH STREET, Manhattan","UPPER WEST SIDE (79-96)","01 ONE FAMILY DWELLINGS",1210,142,10024,1,0,1,"1,839","5,520",1910,1,"A4",4675000,"8/2/19",40.78287565,-73.9760392414117,4,1,15,2,8
"12 EAST 81ST STREET, Manhattan","UPPER EAST SIDE (79-96)","02 TWO FAMILY DWELLINGS",1492,64,10028,2,0,2,"2,086","6,840",1901,1,"B1",2.3e+07,"6/25/19",40.77780575,-73.9620607070807,0,0,13,0,15
"12 FORT CHARLES PLACE, Manhattan","INWOOD","03 THREE FAMILY DWELLINGS",2215,487,10463,3,0,3,"5,167","4,410",1901,1,"C0",1450000,"7/3/19",40.8755052,-73.9108951995363,7,0,10,1,4
"121 EAST 91ST STREET, Manhattan","UPPER EAST SIDE (79-96)","02 TWO FAMILY DWELLINGS",1520,109,10128,2,0,2,"1,510","3,556",1901,1,"B1",6367000,"4/8/19",40.7831266,-73.9538620230047,0,0,21,2,15
"121 LEROY STREET, Manhattan","GREENWICH VILLAGE-WEST","01 ONE FAMILY DWELLINGS",602,77,10014,1,0,1,"1,738","4,602",2017,1,"A4",11291873,"6/27/19",40.7304015,-74.0078566666667,2,0,17,1,12
"123 EAST 10TH STREET, Manhattan","EAST VILLAGE","01 ONE FAMILY DWELLINGS",466,46,10003,1,0,1,"1,324","2,385",1899,1,"A7",7350000,"6/28/19",40.7303708,-73.9877663347667,2,0,16,3,7
"125 EAST 10TH STREET, Manhattan","EAST VILLAGE","01 ONE FAMILY DWELLINGS",466,45,10003,1,0,1,"1,324","3,225",1901,1,"A9",7650000,"10/11/19",40.73034775,-73.9877232150983,2,0,16,3,7
"1255 PARK AVENUE, Manhattan","HARLEM-EAST","02 TWO FAMILY DWELLINGS",1625,1,10029,2,0,2,"847","1,650",1920,1,"B1",906500,"2/7/20",40.7871952,-73.9517228,0,10,22,1,1
"127 EAST 26TH STREET, Manhattan","GRAMERCY","02 TWO FAMILY DWELLINGS",882,18,10010,2,0,2,"1,407","3,080",1910,1,"B1",3700000,"6/20/19",40.74176065,-73.9837562550611,3,1,20,3,10
"128 EAST 73RD STREET, Manhattan","UPPER EAST SIDE (59-79)","02 TWO FAMILY DWELLINGS",1407,62,10021,2,0,2,"3,065","7,128",1920,1,"B1",14999999,"10/10/19",40.77118365,-73.9623851997146,0,0,14,3,15
"128 EAST 92ND STREET, Manhattan","UPPER EAST SIDE (79-96)","01 ONE FAMILY DWELLINGS",1520,61,10128,1,0,1,"1,510","3,300",1901,1,"A9",10,"6/13/19",40.78336895,-73.953399134434,0,0,21,2,15
"128 WEST 95TH STREET, Manhattan","UPPER WEST SIDE (79-96)","01 ONE FAMILY DWELLINGS",1225,45,10025,1,1,2,"1,711","5,500",1900,1,"S1",6500000,"12/17/19",40.79248435,-73.9692828507746,0,1,30,2,8
"129 EAST 94TH STREET, Manhattan","UPPER EAST SIDE (79-96)","01 ONE FAMILY DWELLINGS",1523,11,10128,1,0,1,"1,678","3,414",1899,1,"A9",10,"9/12/19",40.78496275,-73.9523904,0,4,21,2,15
"131 WEST 69TH STREET, Manhattan","UPPER WEST SIDE (59-79)","01 ONE FAMILY DWELLINGS",1141,120,10023,1,0,1,"1,808","5,392",1910,1,"A4",7011000,"3/17/20",40.77609525,-73.981208650439,7,1,31,3,8
"131 WEST 94TH STREET, Manhattan","UPPER WEST SIDE (79-96)","02 TWO FAMILY DWELLINGS",1225,119,10025,2,0,2,"1,661","4,000",1900,1,"B1",4900000,"4/12/19",40.79221675,-73.9695618,0,1,28,2,8
"132 EAST 74TH STREET, Manhattan","UPPER EAST SIDE (59-79)","02 TWO FAMILY DWELLINGS",1408,61,10021,2,0,2,"1,916","5,161",1910,1,"B1",7500000,"7/8/19",40.7717791,-73.9617969122934,0,0,13,3,15
"132 WEST 11TH STREET, Manhattan","GREENWICH VILLAGE-WEST","02 TWO FAMILY DWELLINGS",606,45,10011,2,0,2,"2,913","6,600",1900,1,"B9",1.8e+07,"3/5/20",40.7357987,-73.99974475,2,0,25,6,12
"132 WEST 81ST STREET, Manhattan","UPPER WEST SIDE (79-96)","01 ONE FAMILY DWELLINGS",1211,47,10024,1,0,1,"1,941","6,298",1900,1,"A4",8275000,"1/8/20",40.7836617,-73.9759245450676,4,1,16,2,8
"134 EAST 74TH STREET, Manhattan","UPPER EAST SIDE (59-79)","01 ONE FAMILY DWELLINGS",1408,59,10021,1,0,1,"2,556","9,050",1901,1,"A7",25250000,"6/20/19",40.7718338571429,-73.9616934761905,0,0,13,3,15
"134 EAST 80TH STREET, Manhattan","UPPER EAST SIDE (79-96)","01 ONE FAMILY DWELLINGS",1508,159,10075,1,0,1,"1,873","3,340",1901,1,"A4",8668750,"6/25/19",40.7756644,-73.958880870309,0,0,13,1,15
"14 EAST 67TH STREET, Manhattan","UPPER EAST SIDE (59-79)","01 ONE FAMILY DWELLINGS",1381,61,10065,1,0,1,"4,820","14,240",1905,1,"A7",77100000,"6/4/19",40.76864845,-73.9684809037489,0,0,16,1,15
"14 SYLVAN TERRACE, Manhattan","WASHINGTON HEIGHTS LOWER","02 TWO FAMILY DWELLINGS",2109,64,10032,2,0,2,"673","1,425",1899,1,"B2",1589000,"7/2/19",40.8345993,-73.9393253150382,2,0,38,3,3
"140 EAST 65TH STREET, Manhattan","UPPER EAST SIDE (59-79)","01 ONE FAMILY DWELLINGS",1399,146,10065,1,0,1,"2,008","6,200",1899,1,"A4",9750000,"6/19/19",40.76555975,-73.9648922053204,4,0,27,4,15
"142 EAST 38TH STREET, Manhattan","MURRAY HILL","02 TWO FAMILY DWELLINGS",893,62,10016,2,0,2,"1,975","4,000",1901,1,"B1",4080000,"10/18/19",40.74855415,-73.9774630979477,3,0,18,4,9
"143 EAST 95TH STREET, Manhattan","UPPER EAST SIDE (79-96)","01 ONE FAMILY DWELLINGS",1524,16,10128,1,0,1,"1,672","1,929",1920,1,"A9",5050000,"5/30/19",40.7854531,-73.9515455355831,0,6,28,2,15
"146 WAVERLY PLACE, Manhattan","GREENWICH VILLAGE-WEST","01 ONE FAMILY DWELLINGS",592,60,10014,1,0,1,"2,158","6,118",1905,1,"A7",17400000,"6/28/19",40.733142,-74.0008924313212,0,0,34,3,12
"15 COMMERCE STREET, Manhattan","GREENWICH VILLAGE-WEST","01 ONE FAMILY DWELLINGS",587,65,10014,1,0,1,"840","1,638",1899,1,"A4",6e+06,"6/26/19",40.73185885,-74.0042368702845,2,0,38,4,12
"15 EAST 90TH STREET, Manhattan","UPPER EAST SIDE (79-96)","01 ONE FAMILY DWELLINGS",1502,11,10128,1,0,1,"2,567","8,542",1899,1,"A7",14300000,"1/16/20",40.7838284,-73.9574383181829,0,0,13,0,15
"15 EAST 92ND STREET, Manhattan","UPPER EAST SIDE (79-96)","02 TWO FAMILY DWELLINGS",1504,10,10128,2,0,2,"1,971","4,590",1899,1,"B1",9250000,"6/25/19",40.7851161,-73.9566179362931,0,0,17,1,15
"15 WEST 76TH STREET, Manhattan","UPPER WEST SIDE (59-79)","01 ONE FAMILY DWELLINGS",1129,21,10023,1,0,1,"2,554","8,204",1910,1,"A4",16500000,"6/27/19",40.7794124,-73.9750107519404,0,1,4,2,8
"154 EAST END AVE, Manhattan","UPPER EAST SIDE (79-96)","01 ONE FAMILY DWELLINGS",1583,126,10028,1,0,1,"725","2,584",1899,1,"A4",3845000,"6/12/19",40.77555815,-73.94459205,0,0,15,0,15
"158 EAST 95TH STREET, Manhattan","UPPER EAST SIDE (79-96)","02 TWO FAMILY DWELLINGS",1523,49,10128,2,0,2,"1,888","3,456",1899,1,"B1",4650000,"7/8/19",40.78486045,-73.95108495,2,5,27,2,15
"159 EAST 78TH STREET, Manhattan","UPPER EAST SIDE (59-79)","01 ONE FAMILY DWELLINGS",1413,124,10075,1,0,1,"1,839","2,052",1899,1,"A4",7225000,"12/5/19",40.77421225,-73.9587811,0,0,12,1,15
"159 EAST 82ND STREET, Manhattan","UPPER EAST SIDE (79-96)","01 ONE FAMILY DWELLINGS",1511,27,10028,1,0,1,"1,572","3,420",1899,1,"A4",6950000,"10/18/19",40.77676185,-73.9567086638789,0,0,12,3,15
"16 LEROY STREET, Manhattan","GREENWICH VILLAGE-WEST","03 THREE FAMILY DWELLINGS",586,15,10014,3,0,3,"1,600","2,216",1899,1,"C0",5600000,"6/24/19",40.7306283,-74.003336001967,2,0,42,5,12
"16 SUTTON SQUARE, Manhattan","MIDTOWN EAST","02 TWO FAMILY DWELLINGS",1372,43,10022,2,0,2,"2,568","4,000",1899,1,"B1",1.3e+07,"6/27/19",40.7575869,-73.95955415,0,0,16,0,13
"160 EAST 61ST STREET, Manhattan","UPPER EAST SIDE (59-79)","01 ONE FAMILY DWELLINGS",1395,45,10065,1,0,1,"1,908","4,750",1899,1,"A4",9995000,"6/27/19",40.76297665,-73.9665430357,1,0,23,3,15
"160 EAST 71ST STREET, Manhattan","UPPER EAST SIDE (59-79)","01 ONE FAMILY DWELLINGS",1405,145,10021,1,0,1,"1,632","4,314",1910,1,"A4",8200000,"4/16/19",40.76927115,-73.9620825209818,4,0,17,2,15
"162 W. 228TH ST, Manhattan","INWOOD","02 TWO FAMILY DWELLINGS",2215,320,10463,2,0,2,"3,000","1,850",1901,1,"B3",642000,"2/11/20",40.8774314,-73.909747226875,7,0,17,2,4
"164 EAST 81ST STREET, Manhattan","UPPER EAST SIDE (79-96)","02 TWO FAMILY DWELLINGS",1509,43,10028,2,0,2,"2,087","4,160",1899,1,"B3",8750000,"6/19/19",40.7757327,-73.957105,0,0,11,2,15
"167 CROSBY STREET, Manhattan","GREENWICH VILLAGE-CENTRAL","02 TWO FAMILY DWELLINGS",522,31,10012,2,1,3,"2,952","8,509",1900,1,"S2",2350000,"10/29/19",40.7258923,-73.995136,1,0,31,4,12
"167 EAST 69TH STREET, Manhattan","UPPER EAST SIDE (59-79)","01 ONE FAMILY DWELLINGS",1404,32,10021,1,0,1,"2,510","4,822",1910,1,"A4",1.1e+07,"2/24/20",40.7681866,-73.96238975,4,0,20,2,15
"168 EAST 93RD STREET, Manhattan","UPPER EAST SIDE (79-96)","03 THREE FAMILY DWELLINGS",1521,46,10128,3,0,3,"2,013","3,650",1901,1,"C0",5775000,"5/29/19",40.7835489,-73.9517238,1,0,21,2,15
"169 1 AVENUE, Manhattan","EAST VILLAGE","01 ONE FAMILY DWELLINGS",452,34,10003,1,1,2,"2,317","2,760",1901,1,"S1",1.4e+07,"11/25/19",40.7704516,-73.9540664,1,1,13,1,7
"17 ST LUKES PLACE, Manhattan","GREENWICH VILLAGE-WEST","01 ONE FAMILY DWELLINGS",583,44,10014,1,0,1,"1,392","3,024",1910,1,"A4",7100000,"1/23/20",40.7302048,-74.0053335,2,0,37,5,12
"18 VAN CORLEAR PLACE, Manhattan","INWOOD","02 TWO FAMILY DWELLINGS",2215,361,10463,2,0,2,"2,800","3,312",1925,1,"B1",1100000,"11/27/19",40.8761982,-73.9115285,7,0,14,1,4
"182 EAST 75TH STREET, Manhattan","UPPER EAST SIDE (59-79)","02 TWO FAMILY DWELLINGS",1409,46,10021,2,0,2,"1,839","4,320",1920,1,"B3",11125000,"6/3/19",40.7719179,-73.9601913350517,0,0,11,2,15
"186 SULLIVAN STREET, Manhattan","GREENWICH VILLAGE-CENTRAL","01 ONE FAMILY DWELLINGS",526,66,10012,1,0,1,"2,252","3,960",1899,1,"A4",13125000,"6/28/19",40.7284984,-74.00090545,2,0,49,4,12
"208 WEST 11TH STREET, Manhattan","GREENWICH VILLAGE-WEST","01 ONE FAMILY DWELLINGS",613,49,10014,1,0,1,"1,062","3,040",1910,1,"A4",8900000,"4/4/19",40.73633255,-74.0015961216274,0,1,29,6,12
"215 EAST 61ST STREET, Manhattan","UPPER EAST SIDE (59-79)","01 ONE FAMILY DWELLINGS",1416,8,10065,1,0,1,"1,808","5,045",1905,1,"A4",9999999,"6/25/19",40.762617,-73.9647753648586,1,0,19,3,15
"215 WEST 138TH STREET, Manhattan","HARLEM-CENTRAL","01 ONE FAMILY DWELLINGS",2024,24,10030,1,0,1,"1,699","4,400",1910,1,"A4",2575000,"9/11/19",40.81772625,-73.9430259475257,5,1,53,2,5
"216 EAST 50TH STREET, Manhattan","MIDTOWN EAST","01 ONE FAMILY DWELLINGS",1323,42,10022,1,1,2,"1,296","3,000",1899,1,"S1",3400000,"5/28/19",40.7553547,-73.97011305,0,1,11,2,13
"217 EAST 17TH STREET, Manhattan","GRAMERCY","02 TWO FAMILY DWELLINGS",898,13,10003,2,0,2,"1,380","4,125",1900,1,"B1",4700000,"9/19/19",40.73497425,-73.9848144452713,10,0,29,2,10
"218 WEST 15TH STREET, Manhattan","CHELSEA","01 ONE FAMILY DWELLINGS",764,49,10011,1,0,1,"2,141","3,935",1910,1,"A9",2421900,"5/22/19",40.7395764,-74.000218,9,0,29,6,11
"219 EAST 17TH STREET, Manhattan","GRAMERCY","02 TWO FAMILY DWELLINGS",898,14,10003,2,0,2,"1,380","3,000",1910,1,"B1",5497500,"6/27/19",40.7349529,-73.9847677058164,10,0,28,2,10
"219 EAST 59TH STREET, Manhattan","UPPER EAST SIDE (59-79)","02 TWO FAMILY DWELLINGS",1414,10,10022,2,1,3,"2,209","4,800",1910,1,"S2",5425000,"3/11/20",40.76135395,-73.9655245503756,1,0,18,3,15
"22 BANK STREET, Manhattan","GREENWICH VILLAGE-WEST","02 TWO FAMILY DWELLINGS",614,21,10014,2,0,2,"1,784","3,200",1910,1,"B1",17425000,"6/3/19",40.73686995,-74.0024175387073,0,1,29,5,12
"22 JANE STREET, Manhattan","GREENWICH VILLAGE-WEST","01 ONE FAMILY DWELLINGS",615,66,10014,1,0,1,"1,716","2,760",1910,1,"A5",3450000,"2/1/20",40.73795935,-74.0031354412456,0,1,34,4,12
"22 WEST 74TH STREET, Manhattan","UPPER WEST SIDE (59-79)","01 ONE FAMILY DWELLINGS",1126,45,10023,1,0,1,"2,554","9,325",1920,1,"A4",18200000,"2/5/20",40.7778484,-73.9762552032363,0,1,8,2,8
"221 EAST 59TH STREET, Manhattan","UPPER EAST SIDE (59-79)","01 ONE FAMILY DWELLINGS",1414,11,10022,1,1,2,"2,209","4,800",1915,1,"S1",5425000,"3/11/20",40.7613252,-73.965456016015,1,0,17,3,15
"226 EAST 79TH STREET, Manhattan","UPPER EAST SIDE (59-79)","02 TWO FAMILY DWELLINGS",1433,36,10075,2,0,2,"1,830","3,316",1901,1,"B9",6700000,"3/25/20",40.77361855,-73.956280005045,1,1,7,1,15
"23 PERRY, Manhattan","GREENWICH VILLAGE-WEST","01 ONE FAMILY DWELLINGS",613,31,10014,1,0,1,"1,248","2,660",1910,1,"A4",14100000,"8/19/19",40.73585215,-74.0021245069139,0,1,30,6,12
"232 WEST BROADWAY, Manhattan","TRIBECA","01 ONE FAMILY DWELLINGS",189,39,10013,1,0,1,"2,802","10,916",1915,1,"A4",26777133,"6/25/19",40.7193668888889,-74.006326,0,0,14,5,14
"235 EAST 22ND STREET, Manhattan","GRAMERCY","02 TWO FAMILY DWELLINGS",902,55,10010,2,1,3,"1,650","4,488",1910,1,"S2",425000,"9/18/19",40.737428,-73.9816241,2,1,21,0,10
"235 EAST 72ND STREET, Manhattan","UPPER EAST SIDE (59-79)","01 ONE FAMILY DWELLINGS",1427,16,10021,1,0,1,"1,788","2,634",1910,1,"A4",10750000,"12/17/19",40.76934885,-73.9590728267174,4,0,13,3,15
"237 EAST 32ND STREET, Manhattan","MURRAY HILL","02 TWO FAMILY DWELLINGS",913,19,10016,2,0,2,"1,761","3,456",1899,1,"B9",4687500,"6/26/19",40.7439692,-73.9775678229183,3,1,24,1,9
"237 EAST 61ST STREET, Manhattan","UPPER EAST SIDE (59-79)","02 TWO FAMILY DWELLINGS",1416,16,10065,2,0,2,"2,008","5,640",1905,1,"B1",6400000,"4/30/19",40.7623678,-73.9641937979549,1,0,18,3,15
"243 WAVERLY PLACE, Manhattan","GREENWICH VILLAGE-WEST","01 ONE FAMILY DWELLINGS",614,47,10014,1,0,1,"1,100","3,068",1899,1,"A4",8e+06,"6/19/19",40.7367505,-74.0018710241853,0,1,29,5,12
"244 WEST 121ST STREET, Manhattan","HARLEM-CENTRAL","03 THREE FAMILY DWELLINGS",1926,51,10027,3,0,3,"1,682","3,060",1910,1,"C0",2640000,"5/9/19",40.80694135,-73.9519101713045,1,2,63,2,5
"245 WATER STREET, Manhattan","SOUTHBRIDGE","02 TWO FAMILY DWELLINGS",97,55,10038,2,0,2,"2,820","13,015",1900,1,"B1",12300000,"8/14/19",40.70791295,-74.0022622537276,4,1,18,1,2
"248 CENTRAL PARK WEST, Manhattan","UPPER WEST SIDE (79-96)","01 ONE FAMILY DWELLINGS",1198,35,10024,1,0,1,"2,000","9,115",1901,1,"A5",16250000,"6/18/19",40.78457295,-73.9702304543436,4,0,10,2,8
"252 WEST 12 STREET, Manhattan","GREENWICH VILLAGE-WEST","01 ONE FAMILY DWELLINGS",615,21,10014,1,0,1,"1,764","4,073",1910,1,"A4",1.9e+07,"6/27/19",40.7376362,-74.0098109,0,1,10,0,12
"253 WEST 18TH STREET, Manhattan","CHELSEA","01 ONE FAMILY DWELLINGS",768,8,10011,1,0,1,"1,521","6,984",1901,1,"A4",12709140,"4/11/19",40.7421191,-74.0000170196133,9,2,20,6,11
"254 WEST 136TH STREET, Manhattan","HARLEM-CENTRAL","02 TWO FAMILY DWELLINGS",1941,155,10030,2,0,2,"1,665","3,332",1910,1,"B9",1075000,"6/17/19",40.8166634,-73.9452868149844,5,1,45,2,5
"255 WEST 11TH STREET, Manhattan","GREENWICH VILLAGE-WEST","03 THREE FAMILY DWELLINGS",623,43,10014,1,0,1,"1,400","3,520",1899,1,"C0",17450000,"10/25/19",40.7362674,-74.0036699,0,1,29,3,12
"26 EAST 78TH STREET, Manhattan","UPPER EAST SIDE (59-79)","02 TWO FAMILY DWELLINGS",1392,159,10075,2,0,2,"1,201","3,945",1910,1,"B9",7100000,"5/30/19",40.77565675,-73.9631110752475,0,0,13,1,15
"263 EAST 7TH STREET, Manhattan","ALPHABET CITY","03 THREE FAMILY DWELLINGS",377,56,10009,3,0,3,"2,430","3,600",1899,1,"C0",6300000,"4/30/19",40.7236251,-73.9774113952752,0,0,51,0,7
"268 WEST 139TH STREET, Manhattan","HARLEM-CENTRAL","02 TWO FAMILY DWELLINGS",2024,62,10030,2,0,2,"1,699","4,000",1910,1,"B2",10,"4/22/19",40.8187392,-73.9444304964707,6,0,52,1,5
"271 PLEASANT AVENUE, Manhattan","HARLEM-EAST","01 ONE FAMILY DWELLINGS",1708,24,10029,1,0,1,"928","2,501",1890,1,"A9",1,"4/1/19",40.79412265,-73.9341602155734,1,10,36,0,1
"272 WEST 91ST STREET, Manhattan","UPPER WEST SIDE (79-96)","01 ONE FAMILY DWELLINGS",1238,160,10024,1,0,1,"1,063","5,070",1920,1,"A4",5750000,"6/18/19",40.7917939,-73.9751949099693,0,0,24,2,8
"278 WEST 25TH STREET, Manhattan","CHELSEA","02 TWO FAMILY DWELLINGS",774,80,10001,2,0,2,"937","2,052",1900,1,"B9",4100000,"8/27/19",40.7462771,-73.9971913,1,2,23,3,11
"286 WADSWORTH AVENUE, Manhattan","WASHINGTON HEIGHTS UPPER","01 ONE FAMILY DWELLINGS",2170,22,10040,1,0,1,"2,248","1,914",1901,1,"A9",945000,"6/13/19",40.85397865,-73.9322456358587,0,0,19,1,6
"29 EAST 129TH STREET, Manhattan","HARLEM-CENTRAL","03 THREE FAMILY DWELLINGS",1754,14,10035,3,0,3,"1,699","2,852",1900,1,"C0",2265500,"7/17/19",40.80859795,-73.9390746851673,5,2,37,0,5
"3 EAST 94TH ST, Manhattan","UPPER EAST SIDE (79-96)","01 ONE FAMILY DWELLINGS",1506,6,10128,1,0,1,"2,517","7,110",1901,1,"A4",2.1e+07,"11/6/19",40.78653025,-73.9559958181455,0,1,16,1,15
"3 RIVERVIEW TERRACE, Manhattan","MIDTOWN EAST","01 ONE FAMILY DWELLINGS",1372,59,10022,1,0,1,"1,250","4,274",1899,1,"A4",6500000,"11/13/19",40.7579699,-73.9594922099604,0,0,22,0,13
"30 SULLIVAN STREET, Manhattan","SOHO","01 ONE FAMILY DWELLINGS",490,29,10012,1,0,1,"0","0",2015,1,"A7",12296500,"4/5/19",40.7245828333333,-74.0040657083333,3,0,30,4,14
"302 WEST 11TH STREET, Manhattan","GREENWICH VILLAGE-WEST","02 TWO FAMILY DWELLINGS",633,52,10014,2,1,3,"1,102","2,996",1910,1,"S2",13700000,"4/9/19",40.7357199,-74.0061833,0,1,29,1,12
"304 EAST 18TH STREET, Manhattan","KIPS BAY","03 THREE FAMILY DWELLINGS",923,61,10003,3,0,3,"1,716","4,437",1901,1,"C0",4e+06,"4/18/19",40.7344701,-73.982680245156,9,1,22,2,9
"310 EAST 81ST STREET, Manhattan","UPPER EAST SIDE (79-96)","03 THREE FAMILY DWELLINGS",1543,47,10028,3,0,3,"1,533","2,655",1925,1,"C0",10,"10/1/19",40.77426975,-73.9535986445941,1,1,0,1,15
"311 WEST 4TH STREET, Manhattan","GREENWICH VILLAGE-WEST","01 ONE FAMILY DWELLINGS",615,6,10014,1,0,1,"1,500","3,372",1915,1,"A9",12250000,"1/3/20",40.7372308,-74.0036389250727,0,1,30,4,12
"313 WEST 80TH STREET, Manhattan","UPPER WEST SIDE (79-96)","01 ONE FAMILY DWELLINGS",1244,38,10024,1,0,1,"1,635","3,596",1899,1,"A4",6500000,"6/4/19",40.7854463,-73.9812129524264,0,0,36,1,8
"314 EAST 69TH STREET, Manhattan","UPPER EAST SIDE (59-79)","01 ONE FAMILY DWELLINGS",1443,48,10021,1,0,1,"1,289","3,952",1899,1,"A4",5875000,"2/28/20",40.7665026,-73.959351845143,4,0,9,2,15
"318 EAST 53RD STREET, Manhattan","MIDTOWN EAST","03 THREE FAMILY DWELLINGS",1345,44,10022,3,0,3,"1,841","4,207",1899,1,"C0",319393,"2/4/20",40.7562089,-73.9664785883269,1,1,8,2,13
"323 EAST 51ST STREET, Manhattan","MIDTOWN EAST","03 THREE FAMILY DWELLINGS",1344,10,10022,3,0,3,"1,883","3,707",1910,1,"C0",5600000,"6/19/19",40.75524285,-73.9670292373932,1,1,8,2,13
"323 WEST 88TH STREET, Manhattan","UPPER WEST SIDE (79-96)","01 ONE FAMILY DWELLINGS",1250,20,10024,1,0,1,"2,013","8,500",1910,1,"A4",9999999,"11/21/19",40.79076465,-73.9777844203251,0,0,21,1,8
"325 WEST 76TH STREET, Manhattan","UPPER WEST SIDE (59-79)","01 ONE FAMILY DWELLINGS",1185,55,10023,1,0,1,"2,043","7,515",1900,1,"A5",8350000,"1/21/20",40.783025,-73.9835850655824,0,0,38,1,8
"327 CONVENT AVENUE, Manhattan","HARLEM-CENTRAL","01 ONE FAMILY DWELLINGS",2050,27,10031,1,0,1,"2,000","4,720",1899,1,"A4",3450000,"7/9/19",40.82348285,-73.9467250417813,1,2,29,2,5
"327 WEST 76TH STREET, Manhattan","UPPER WEST SIDE (59-79)","01 ONE FAMILY DWELLINGS",1185,54,10023,1,0,1,"2,248","7,200",1900,1,"A4",10625000,"3/4/20",40.7830459,-73.983656660112,0,0,38,1,8
"33 WEST 74TH STREET, Manhattan","UPPER WEST SIDE (59-79)","02 TWO FAMILY DWELLINGS",1127,15,10023,2,0,2,"2,043","6,576",1901,1,"B3",7825000,"3/4/20",40.7783342,-73.9763850468807,0,1,9,2,8
"331 CONVENT AVENUE, Manhattan","HARLEM-CENTRAL","03 THREE FAMILY DWELLINGS",2050,29,10031,3,0,3,"2,000","4,525",1910,1,"C0",2350000,"11/4/19",40.82357985,-73.946654,1,2,29,2,5
"34 WEST 119 STREET, Manhattan","HARLEM-CENTRAL","03 THREE FAMILY DWELLINGS",1717,150,10026,3,0,3,"1,817","3,708",1899,1,"C0",2226825,"12/30/19",40.8069647,-73.955416,2,1,55,1,5
"34 WEST 128 STREET, Manhattan","HARLEM-CENTRAL","03 THREE FAMILY DWELLINGS",1725,53,10027,3,0,3,"2,498","5,200",2000,1,"C0",2075000,"11/18/19",40.813495,-73.95311,5,0,42,1,5
"350 EAST 116TH STREET, Manhattan","HARLEM-EAST","02 TWO FAMILY DWELLINGS",1687,32,10029,2,1,3,"1,682","3,750",1900,1,"S2",1850000,"10/7/19",40.7960675,-73.9361167352288,3,15,40,0,1
"36 EAST 64TH STREET, Manhattan","UPPER EAST SIDE (59-79)","01 ONE FAMILY DWELLINGS",1378,46,10065,1,0,1,"1,707","5,808",1905,1,"A4",9737500,"10/30/19",40.76628635,-73.9686249330939,0,0,19,5,15
"36 VAN CORLEAR PLACE, Manhattan","INWOOD","01 ONE FAMILY DWELLINGS",2215,389,10463,1,0,1,"1,254","1,528",1925,1,"A9",375000,"4/12/19",40.87666695,-73.9109140631405,7,0,15,1,4
"36 VAN CORLEAR PLACE, Manhattan","INWOOD","01 ONE FAMILY DWELLINGS",2215,389,10463,1,0,1,"1,254","1,528",1925,1,"A9",710000,"11/19/19",40.87666695,-73.9109140631405,7,0,15,1,4
"3686 BROADWAY, Manhattan","HARLEM-UPPER","02 TWO FAMILY DWELLINGS",2084,3,10031,2,0,2,"1,248","3,328",1899,1,"B1",2e+06,"5/10/19",40.83092345,-73.9467474108369,1,0,44,2,5
"37 WEST 11TH STREET, Manhattan","GREENWICH VILLAGE-CENTRAL","03 THREE FAMILY DWELLINGS",575,68,10011,3,0,3,"2,220","3,696",1901,1,"C0",11800000,"6/27/19",40.73478785,-73.9964260365181,3,0,19,6,12
"37 WEST 88TH STREET, Manhattan","UPPER WEST SIDE (79-96)","03 THREE FAMILY DWELLINGS",1202,17,10024,3,0,3,"2,114","6,689",1899,1,"C0",8875000,"5/15/19",40.78733105,-73.9696236504013,4,0,13,1,8
"370 WEST 11TH STREET, Manhattan","GREENWICH VILLAGE-WEST","01 ONE FAMILY DWELLINGS",637,55,10014,1,0,1,"2,160","4,400",1905,1,"A4",2900000,"7/24/19",40.73519645,-74.0094901035791,0,1,6,0,12
"38 EAST 74TH STREET, Manhattan","UPPER EAST SIDE (59-79)","02 TWO FAMILY DWELLINGS",1388,46,10021,2,0,2,"4,087","11,000",1920,1,"B3",25500000,"6/28/19",40.7729012352941,-73.9642291176471,0,0,13,1,15
"389 CONVENT AVENUE, Manhattan","HARLEM-UPPER","01 ONE FAMILY DWELLINGS",2061,115,10031,1,0,1,"800","2,560",1910,1,"A9",1100000,"11/25/19",40.82549525,-73.9453698338793,1,2,30,2,5
"39 CHARLTON STREET, Manhattan","SOHO","02 TWO FAMILY DWELLINGS",519,64,10014,2,0,2,"2,510","4,176",1899,1,"B1",7400000,"1/6/20",40.7272325,-74.00479575,5,0,39,2,14
"39 HARRISON STREET, Manhattan","TRIBECA","01 ONE FAMILY DWELLINGS",142,18,10013,1,0,1,"1,480","3,080",1899,1,"A9",4950000,"6/26/19",40.71853105,-74.0110119213667,1,1,20,2,14
"392 AUDUBON AVENUE, Manhattan","WASHINGTON HEIGHTS UPPER","02 TWO FAMILY DWELLINGS",2157,19,10033,2,0,2,"900","1,980",1899,1,"B3",999000,"11/26/19",40.8509386,-73.93097315,1,0,16,1,6
"4 JANE STREET, Manhattan","GREENWICH VILLAGE-WEST","02 TWO FAMILY DWELLINGS",615,75,10014,2,0,2,"1,180","3,360",1899,1,"B1",6240000,"3/19/20",40.73801715,-74.0023765772905,1,1,32,4,12
"41 BRADHURST AVENUE, Manhattan","HARLEM-CENTRAL","02 TWO FAMILY DWELLINGS",2051,140,10030,2,0,2,"1,386","2,984",1901,1,"B9",1750000,"10/10/19",40.8227819,-73.9436413513491,1,2,42,1,5
"41 HARRISON STREET, Manhattan","TRIBECA","02 TWO FAMILY DWELLINGS",142,19,10013,2,0,2,"1,480","3,080",1960,1,"B9",4050000,"6/17/19",40.7184765,-74.0110205289197,1,1,20,2,14
"415 EAST 116TH ST, Manhattan","HARLEM-EAST","03 THREE FAMILY DWELLINGS",1710,9,10029,3,0,3,"2,220","4,400",1899,1,"C0",2150000,"6/12/19",40.79586635,-73.9345221456197,3,11,38,0,1
"42 STUYVESANT STREET, Manhattan","EAST VILLAGE","02 TWO FAMILY DWELLINGS",465,43,10003,2,0,2,"1,241","3,160",1800,1,"B9",4725000,"2/14/20",40.7298594,-73.9876807042771,3,0,16,3,7
"425 CONVENT, Manhattan","HARLEM-UPPER","02 TWO FAMILY DWELLINGS",2063,18,10031,2,0,2,"1,445","3,740",1901,1,"B9",2769000,"10/29/19",40.82665495,-73.9444715666815,1,2,31,1,5
"427 WEST 162ND STREET, Manhattan","WASHINGTON HEIGHTS LOWER","02 TWO FAMILY DWELLINGS",2110,42,10032,2,0,2,"2,081","3,952",1911,1,"B1",2647000,"6/20/19",40.83534795,-73.9382683849378,2,0,32,1,3
"43 WEST 94TH STREET, Manhattan","UPPER WEST SIDE (79-96)","02 TWO FAMILY DWELLINGS",1208,17,10025,2,0,2,"1,787","3,608",1901,1,"B9",4100000,"3/24/20",40.79107825,-73.9668913086524,0,1,45,1,8
"43 WEST 94TH STREET, Manhattan","UPPER WEST SIDE (79-96)","02 TWO FAMILY DWELLINGS",1208,17,10025,2,0,2,"1,787","3,608",1901,1,"B9",10,"11/25/19",40.79107825,-73.9668913086524,0,1,45,1,8
"448 WEST 25TH STREET, Manhattan","CHELSEA","03 THREE FAMILY DWELLINGS",722,66,10001,3,0,3,"1,925","2,666",1900,1,"C0",4800000,"10/7/19",40.7485171,-74.0025311135621,0,0,35,1,11
"45 FORT CHARLES PLACE, Manhattan","INWOOD","01 ONE FAMILY DWELLINGS",2215,453,10463,1,0,1,"2,500","1,708",1930,1,"A1",649000,"8/5/19",40.8762742,-73.9101301360503,7,0,13,1,4
"45 WEST 88TH STREET, Manhattan","UPPER WEST SIDE (79-96)","01 ONE FAMILY DWELLINGS",1202,14,10024,1,0,1,"2,013","5,400",1900,1,"A5",11750000,"3/2/20",40.7874419,-73.969885213526,4,0,13,1,8
"457 CONVENT AVENUE, Manhattan","HARLEM-UPPER","03 THREE FAMILY DWELLINGS",2064,46,10031,3,0,3,"796","2,752",1915,1,"C0",1180366,"9/20/19",40.82760635,-73.94382875,1,1,42,2,5
"46 EAST 126TH STREET, Manhattan","HARLEM-CENTRAL","03 THREE FAMILY DWELLINGS",1750,49,10035,3,0,3,"2,048","4,840",1909,1,"C0",906243,"1/13/20",40.80607685,-73.9398258523617,6,2,42,1,5
"46 EAST 66TH STREET, Manhattan","UPPER EAST SIDE (59-79)","01 ONE FAMILY DWELLINGS",1380,48,10065,1,0,1,"2,008","5,900",1920,1,"A4",17700000,"5/8/19",40.76761915,-73.9678541162774,0,0,15,2,15
"46 EAST 82ND STREET, Manhattan","UPPER EAST SIDE (79-96)","01 ONE FAMILY DWELLINGS",1493,46,10028,1,1,2,"1,800","7,352",1899,1,"S1",15100000,"10/30/19",40.77774715,-73.9599841285156,0,0,14,2,15
"466 WEST 144TH STREET, Manhattan","HARLEM-UPPER","01 ONE FAMILY DWELLINGS",2059,26,10031,1,0,1,"2,098","4,716",1899,1,"A4",3600000,"8/29/19",40.8241763,-73.9477143960033,0,2,34,2,5
"473 WEST 140TH STREET, Manhattan","HARLEM-UPPER","02 TWO FAMILY DWELLINGS",2057,31,10031,2,0,2,"1,799","3,618",1910,1,"B1",440000,"10/17/19",40.82205985,-73.9494411737971,2,1,41,2,5
"475 WEST 146TH STREET, Manhattan","HARLEM-UPPER","02 TWO FAMILY DWELLINGS",2061,5,10031,2,0,2,"1,665","3,000",2014,1,"B1",2425000,"4/1/19",40.825685,-73.9463715,1,2,33,2,5
"483 WEST 22ND STREET, Manhattan","CHELSEA","01 ONE FAMILY DWELLINGS",720,6,10011,1,0,1,"1,562","4,150",1901,1,"A4",6725000,"9/3/19",40.746996,-74.00411,6,0,34,0,11
"49 EAST 67TH STREET, Manhattan","UPPER EAST SIDE (59-79)","01 ONE FAMILY DWELLINGS",1382,32,10065,1,0,1,"2,008","6,340",1910,1,"A4",11750000,"10/23/19",40.76829935,-73.966607,0,0,15,2,15
"5 WEST 119TH STREET, Manhattan","HARLEM-CENTRAL","02 TWO FAMILY DWELLINGS",1718,133,10026,2,0,2,"780","2,224",1899,1,"B9",1825000,"8/19/19",40.80289975,-73.9454018,2,7,22,1,5
"50 HAMILTON TERRACE, Manhattan","HARLEM-CENTRAL","02 TWO FAMILY DWELLINGS",2050,168,10031,2,0,2,"1,700","3,564",1899,1,"B1",3800000,"10/1/19",40.8231656,-73.9464817662781,1,2,30,1,5
"50 SULLIVAN STREET, Manhattan","SOHO","01 ONE FAMILY DWELLINGS",490,27,10012,1,0,1,"2,286","4,607",2014,1,"A7",12250000,"9/13/19",40.724762,-74.0039155,3,0,28,4,14
"51 EAST 80TH STREET, Manhattan","UPPER EAST SIDE (79-96)","01 ONE FAMILY DWELLINGS",1492,125,10075,1,0,1,"2,350","8,876",1899,1,"A4",21500000,"4/15/19",40.77692195,-73.9609780231171,0,0,13,1,15
"52 MARBLE HILL AVENUE, Manhattan","INWOOD","02 TWO FAMILY DWELLINGS",2215,552,10463,2,0,2,"2,975","2,655",1925,1,"B3",650000,"6/25/19",40.87558105,-73.9094897074197,7,0,14,1,4
"522 WEST 149TH STREET, Manhattan","HARLEM-UPPER","03 THREE FAMILY DWELLINGS",2080,42,10031,3,0,3,"1,499","3,172",1926,1,"C0",2100000,"7/10/19",40.8280681,-73.9468694966811,1,1,37,2,5
"565 WEST 159TH STREET, Manhattan","WASHINGTON HEIGHTS LOWER","01 ONE FAMILY DWELLINGS",2118,67,10032,1,0,1,"1,499","2,400",1910,1,"A9",950000,"7/11/19",40.8350469,-73.9429696,1,0,31,2,3
"57 SULLIVAN STREET, Manhattan","SOHO","03 THREE FAMILY DWELLINGS",489,2,10012,3,0,3,"1,260","2,898",1901,1,"C0",5220000,"1/22/20",40.724109,-74.0041309,3,0,27,4,14
"60 EAST 83RD STREET, Manhattan","UPPER EAST SIDE (79-96)","01 ONE FAMILY DWELLINGS",1494,44,10028,1,0,1,"1,992","6,400",1923,1,"A4",16750000,"6/20/19",40.77838965,-73.9595186490443,0,0,14,1,15
"60 WEST 9TH STREET, Manhattan","GREENWICH VILLAGE-CENTRAL","01 ONE FAMILY DWELLINGS",572,12,10011,1,0,1,"2,348","5,065",1900,1,"A4",9800000,"6/27/19",40.7338254,-73.9986283828454,2,0,27,5,12
"605 WEST 187TH STREET, Manhattan","WASHINGTON HEIGHTS UPPER","02 TWO FAMILY DWELLINGS",2168,26,10033,2,0,2,"1,881","3,096",1910,1,"B1",775000,"6/11/19",40.8534581,-73.9314481917186,1,0,15,2,6
"61 MARBLE HILL AVENUE, Manhattan","INWOOD","03 THREE FAMILY DWELLINGS",2215,504,10463,3,0,3,"3,610","3,738",1901,1,"C0",1090000,"9/12/19",40.8759918,-73.9095408,7,0,13,1,4
"64 EAST 7TH STREET, Manhattan","EAST VILLAGE","01 ONE FAMILY DWELLINGS",448,16,10003,1,0,1,"2,271","5,299",1899,1,"A4",15750000,"5/14/19",40.7273388,-73.9870908108949,2,1,26,1,7
"65 HORATIO STREET, Manhattan","GREENWICH VILLAGE-WEST","02 TWO FAMILY DWELLINGS",643,62,10014,2,0,2,"850","2,296",1899,1,"B3",4450000,"10/17/19",40.7388376,-74.0068531,0,1,17,1,12
"66 CHARLES STREET, Manhattan","GREENWICH VILLAGE-WEST","01 ONE FAMILY DWELLINGS",620,64,10014,1,0,1,"910","2,880",1899,1,"A4",9750000,"4/8/19",40.73474885,-74.00330365,0,1,38,4,12
"70 CHARLES STREET, Manhattan","GREENWICH VILLAGE-WEST","01 ONE FAMILY DWELLINGS",620,62,10014,1,0,1,"910","2,984",1899,1,"A4",4950000,"6/26/19",40.7347441,-74.0034395221774,0,1,37,4,12
"71 JANE STREET, Manhattan","GREENWICH VILLAGE-WEST","02 TWO FAMILY DWELLINGS",642,63,10014,2,0,2,"1,807","3,360",1925,1,"B1",8e+06,"4/19/19",40.7382715,-74.00692435,0,1,14,1,12
"743 EAST 6TH STREET, Manhattan","ALPHABET CITY","01 ONE FAMILY DWELLINGS",376,43,10009,1,1,2,"2,090","3,680",1940,1,"S1",3200000,"7/24/19",40.72289935,-73.977399860395,1,0,57,0,7
"8 EAST 75TH STREET, Manhattan","UPPER EAST SIDE (59-79)","01 ONE FAMILY DWELLINGS",1389,64,10021,1,1,2,"2,550","11,590",1910,1,"S1",3.8e+07,"1/3/20",40.77391825,-73.9648991928279,0,0,13,1,15
"8 PERRY STREET, Manhattan","GREENWICH VILLAGE-WEST","01 ONE FAMILY DWELLINGS",612,53,10014,1,0,1,"2,097","4,214",1899,1,"A4",12600000,"10/18/19",40.73571435,-74.0012165130666,2,1,31,6,12
"807 PARK AVENUE, Manhattan","UPPER EAST SIDE (59-79)","03 THREE FAMILY DWELLINGS",1409,72,10021,3,0,3,"1,875","21,999",1932,1,"C0",2.4e+07,"12/5/19",40.7726269,-73.9622755852759,0,0,14,1,15
"857 RIVERSIDE DRIVE, Manhattan","WASHINGTON HEIGHTS LOWER","02 TWO FAMILY DWELLINGS",2135,23,10032,2,0,2,"4,340","2,880",1915,1,"B2",975000,"10/28/19",40.8367596,-73.9472646507261,0,0,35,1,3
"9 EAST 84TH STREET, Manhattan","UPPER EAST SIDE (79-96)","01 ONE FAMILY DWELLINGS",1496,9,10028,1,0,1,"2,554","10,250",1930,1,"A4",1.9e+07,"6/12/19",40.7800708,-73.9604108227554,0,0,20,1,15
"94 8 AVENUE, Manhattan","CHELSEA","02 TWO FAMILY DWELLINGS",764,74,10011,2,1,3,"1,421","2,226",1901,1,"S2",19900000,"11/13/19",40.7896239,-73.9598939,0,0,58,1,11
"944 SAINT NICHOLAS AVENUE, Manhattan","WASHINGTON HEIGHTS LOWER","03 THREE FAMILY DWELLINGS",2108,7,10032,3,0,3,"1,011","2,660",1899,1,"C0",1827500,"7/18/19",40.8326628,-73.9405291175549,1,0,43,4,3
"95 BARROW STREET, Manhattan","GREENWICH VILLAGE-WEST","01 ONE FAMILY DWELLINGS",603,61,10014,1,0,1,"900","2,592",1899,1,"A4",6750000,"10/15/19",40.73159855,-74.0070589819149,2,0,21,2,12
"96 BANK STREET, Manhattan","GREENWICH VILLAGE-WEST","02 TWO FAMILY DWELLINGS",634,57,10014,2,0,2,"1,005","2,736",1899,1,"B9",5125000,"11/26/19",40.73633465,-74.0064424695929,0,1,28,1,12
